PRINCIPIOS_ATIVOS_WHODRUG;Harmonização
"""Benzilpenicilina benzatina, penicilina g benzatina|Benzylpenicillin sodium""";Benzathine benzylpenicillin|Benzylpenicillin
Ácido ascórbico_x000D_|Cloridrato de doxicilcina;Doxycycline
Ácido benzóico_x000D_|Methenamine_x000D_|Salicilato de sódio;Ácido benzóico|Methenamine|Salicilato
Acriflavinium chloride|Atropa belladonna|Methenamine|Methylthioninium chloride;Acriflavinium chloride|Atropa belladonna|Methenamine|Methylthioninium chloride
Amicacina;Amikacin
Amikacin;Amikacin
Amikacin sulfate;Amikacin
Amoxicilina sódica;Amoxicillin
Amoxicilina sódica_x000D_|Amoxicilina trihidrato_x000D_|Clavulanato de potássio;Amoxicillin|Clavulanic acid
Amoxicilina sódica_x000D_|Clavulanato de potássio;Amoxicillin|Clavulanic acid
Amoxicilina sódica_x000D_|Sulbactam sódico;Amoxicillin|Sulbactam
Amoxicilina sódica|Clavulanato de potássio;Amoxicillin|Clavulanic acid
Amoxicilina sódica|Sulbactam sódico;Amoxicillin|Sulbactam
Amoxicilina trihidrato;Amoxicillin
Amoxicilina trihidrato_x000D_|Ácido clavulânico;Amoxicillin|Clavulanic acid
Amoxicilina trihidrato_x000D_|Clarithromycin_x000D_|Esomeprazol magnésico;Amoxicillin|Clarithromycin|Esomeprazole
Amoxicilina trihidrato_x000D_|Clarithromycin_x000D_|Lansoprazole;Amoxicillin|Clarithromycin|Lansoprazole
Amoxicilina trihidrato_x000D_|Clarithromycin_x000D_|Omeprazole;Amoxicillin|Clarithromycin|Omeprazole
Amoxicilina trihidrato_x000D_|Clavulanato de potássio;Amoxicillin|Clavulanic acid
Amoxicilina trihidrato_x000D_|Sulbactam pivoxila;Amoxicillin|Sulbactam
Amoxicilina trihidrato|Ácido clavulânico;Amoxicillin|Clavulanic acid
Amoxicilina trihidrato|Clavulanato de potássio;Amoxicillin|Clavulanic acid
Amoxicillin;Amoxicillin
Amoxicillin sodium;Amoxicillin
Amoxicillin sodium|Clavulanate potassium;Amoxicillin|Clavulanic acid
Amoxicillin sodium|Sulbactam sodium;Amoxicillin|Sulbactam
Amoxicillin trihydrate;Amoxicillin
Amoxicillin trihydrate|Clarithromycin|Esomeprazole magnesium;Amoxicillin|Clarithromycin|Esomeprazole
Amoxicillin trihydrate|Clarithromycin|Lansoprazole;Amoxicillin|Clarithromycin|Lansoprazole
Amoxicillin trihydrate|Clarithromycin|Omeprazole;Amoxicillin|Clarithromycin|Omeprazole
Amoxicillin trihydrate|Clavulanate potassium;Amoxicillin|Clavulanic acid
Amoxicillin trihydrate|Clavulanic acid;Amoxicillin|Clavulanic acid
Amoxicillin trihydrate|Flucloxacillin sodium;Amoxicillin|Flucloxacillin
Amoxicillin trihydrate|Lansoprazole|Levofloxacin;Amoxicillin|Lansoprazole|Levofloxacin
Amoxicillin trihydrate|Pivsulbactam;Amoxicillin|Sulbactam
Amoxicillin_x000D_|Ácido clavulânico;Amoxicillin|Clavulanic acid
Amoxicillin_x000D_|Clavulanato de potássio;Amoxicillin|Clavulanic acid
Amoxicillin_x000D_|Sulbactam;Amoxicillin|Sulbactam
Amoxicillin|Ácido clavulânico;Amoxicillin|Clavulanic acid
Amoxicillin|Clarithromycin|Esomeprazole;Amoxicillin|Clarithromycin|Esomeprazole
Amoxicillin|Clavulanate potassium;Amoxicillin|Clavulanic acid
Amoxicillin|Clavulanato de potássio;Amoxicillin|Clavulanic acid
Amoxicillin|Clavulanic acid;Amoxicillin|Clavulanic acid
Amoxicillin|Sulbactam;Amoxicillin|Sulbactam
Amphotericin b|Tetracycline hydrochloride;Amphotericin b|Tetracycline
Ampicilina;Ampicillin
Ampicilina sódica;Ampicillin
Ampicilina sódica_x000D_|Sulbactam sódico;Ampicillin|Sulbactam
Ampicilina sódica|Sulbactam sódico;Ampicillin|Sulbactam
Ampicilina trihidratada;Ampicillin
Ampicilina trihidratada_x000D_|Cloxacilina sódica;Ampicillin|Cloxacillin
Ampicilina_x000D_|Sulbactam;Ampicillin|Sulbactam
Ampicilina|Sulbactam;Ampicillin|Sulbactam
Ampicillin;Ampicillin
Ampicillin potassium;Ampicillin
Ampicillin sodium;Ampicillin
Ampicillin sodium|Sulbactam sodium;Ampicillin|Sulbactam
Ampicillin trihydrate;Ampicillin
Ampicillin trihydrate|Chymotrypsin|Dicloxacillin sodium monohydrate|Trypsin;Ampicillin|Chymotrypsin|Dicloxacillin|Trypsin
Ampicillin trihydrate|Cloxacillin sodium;Ampicillin|Cloxacillin
Ampicillin|Cloxacilina;Ampicillin|Cloxacillin
Ampicillin|Cloxacillin;Ampicillin|Cloxacillin
Ampicillin|Sulbactam;Ampicillin|Sulbactam
Arginine|Cefepime hydrochloride;Cefepime
Avibactam;Avibactam|Ceftazidime
Avibactam sódico_x000D_|Ceftazidime;Avibactam|Ceftazidime
Avibactam sódico|Ceftazidima pentaidratada;Avibactam|Ceftazidime
Avibactam sódico|Ceftazidime;Avibactam|Ceftazidime
Avibactam sodium|Ceftazidime;Avibactam|Ceftazidime
Avibactam sodium|Ceftazidime pentahydrate;Avibactam|Ceftazidime
Avibactam_x000D_|Ceftazidime;Avibactam|Ceftazidime
Avibactam|Ceftazidime;Avibactam|Ceftazidime
Axetil cefuroxima;Cefuroxime
Azithromycin;Azithromycin
Azithromycin dihydrate;Azithromycin
Azithromycin monohydrate;Azithromycin
Azitromicina di-hidratada;Azithromycin
Azitromicina monoidratada;Azithromycin
Aztreonam;Aztreonam
Aztreonam lysine;Aztreonam
Bekanamycin sulfate;Bekanamycin
Benzathine benzylpenicillin;Benzathine benzylpenicillin
Benzathine benzylpenicillin|Benzylpenicillin potassium|Procaine benzylpenicillin;Benzathine benzylpenicillin|Benzylpenicillin|Procaine benzylpenicillin
Benzathine benzylpenicillin|Benzylpenicillin sodium|Procaine benzylpenicillin;Benzathine benzylpenicillin|Benzylpenicillin|Procaine benzylpenicillin
Benzilpenicilina;Benzylpenicillin
Benzilpenicilina benzatina, penicilina g benzatina;Benzathine benzylpenicillin
Benzilpenicilina benzatina, penicilina g benzatina_x000D_|Benzilpenicilina potássica_x000D_|Benzilpenicilina procaína;Benzathine benzylpenicillin|Benzylpenicillin|Procaine benzylpenicillin
Benzilpenicilina benzatina, penicilina g benzatina_x000D_|Benzylpenicillin sodium_x000D_|Benzilpenicilina procaína;Benzathine benzylpenicillin|Benzylpenicillin|Procaine benzylpenicillin
Benzilpenicilina benzatina, penicilina g benzatina|Benzylpenicillin sodium|Benzilpenicilina procaína;Benzathine benzylpenicillin|Benzylpenicillin|Procaine benzylpenicillin
Benzilpenicilina potássica;Benzylpenicillin
Benzilpenicilina potássica_x000D_|Benzilpenicilina procaína;Benzylpenicillin|Procaine benzylpenicillin
Benzilpenicilina potássica|Benzilpenicilina procaína;Benzylpenicillin|Procaine benzylpenicillin
Benzilpenicilina procaína;Procaine benzylpenicillin
Benzylpenicillin;Benzylpenicillin
Benzylpenicillin potassium;Benzylpenicillin
Benzylpenicillin potassium|Procaine benzylpenicillin;Benzylpenicillin|Procaine benzylpenicillin
Benzylpenicillin sodium;Benzylpenicillin
Benzylpenicillin sodium_x000D_|Benzilpenicilina procaína;Benzylpenicillin|Procaine benzylpenicillin
Benzylpenicillin sodium|Procaine benzylpenicillin;Benzylpenicillin|Procaine benzylpenicillin
Bicarbonato de sódio|Sulfamethoxazole|Trimethoprim;Sulfamethoxazole|Trimethoprim
Cefaclor;Cefaclor
Cefaclor monohydrate;Cefaclor
Cefaclor monoidratado;Cefaclor
Cefadroxil;Cefadroxil
Cefadroxil monohydrate;Cefadroxil
Cefadroxila;Cefadroxil
Cefadroxila monoidratada;Cefadroxil
Cefalexin;Cefalexin
Cefalexin hydrochloride;Cefalexin
Cefalexin monohydrate;Cefalexin
Cefalexin sodium;Cefalexin
Cefalexina monoidratada;Cefalexin
Cefalotin;Cefalotin
Cefalotin sodium;Cefalotin
Cefalotina sódica;Cefalotin
Cefazolin;Cefazolin
Cefazolin sodium;Cefazolin
Cefazolina sódica;Cefazolin
Cefcapene pivoxil hydrochloride;Cefcapene
Cefdinir;Cefdinir
Cefepime;Cefepime
Cefepime dihydrochloride monohydrate;Cefepime
Cefepime hydrochloride;Cefepime
Cefixime trihydrate;Cefixime
Cefoperazone sodium;Cefoperazone
Cefotaxima sódica;Cefotaxime
Cefotaxime;Cefotaxime
Cefotaxime sodium;Cefotaxime
Cefotaxime sodium|Lidocaine hydrochloride;Cefotaxime
Cefoxitin;Cefoxitin
Cefoxitin sodium;Cefoxitin
Cefoxitina sódica;Cefoxitin
Cefpodoxima proxetila;Cefpodoxime proxetil
Cefpodoxime proxetil;Cefpodoxime proxetil
Ceftarolina fosamila;Ceftaroline
Ceftaroline;Ceftaroline
Ceftaroline fosamil;Ceftaroline
Ceftaroline fosamil acetate;Ceftaroline
Ceftazidima pentaidratada;Ceftazidime
Ceftazidime;Ceftazidime
Ceftazidime pentahydrate;Ceftazidime
Ceftizoxime sodium;Ceftizoxime
Ceftolozana_x000D_|Tazobactam;Ceftolozane|Tazobactam
Ceftolozana|Tazobactam;Ceftolozane|Tazobactam
Ceftolozane sulfate|Tazobactam sodium;Ceftolozane|Tazobactam
Ceftolozane|Tazobactam;Ceftolozane|Tazobactam
Ceftriaxona dissódica hemieptaidratada;Ceftriaxone
Ceftriaxona sódica;Ceftriaxone
Ceftriaxone;Ceftriaxone
Ceftriaxone sodium;Ceftriaxone
Ceftriaxone sodium sesquaterhydrate;Ceftriaxone
Ceftriaxone|Vancomycin;Ceftriaxone|Vancomycin
Cefuroxima sódica;Cefuroxime
Cefuroxime;Cefuroxime
Cefuroxime axetil;Cefuroxime
Cefuroxime sodium;Cefuroxime
Chloramphenicol;Chloramphenicol
Chloramphenicol palmitate;Chloramphenicol
Chloramphenicol sodium succinate;Chloramphenicol
Cilastatin sodium|Imipenem;Cilastatin|Imipenem
Cilastatin sodium|Imipenem monohydrate;Cilastatin|Imipenem
Cilastatin sodium|Imipenem monohydrate|Sodium bicarbonate;Cilastatin|Imipenem
Cilastatin_x000D_|Imipeném;Cilastatin|Imipenem
Cilastatin|Imipenem;Cilastatin|Imipenem
Cilastatin|Imipeném;Cilastatin|Imipenem
Cilastatina sódica_x000D_|Imipeném;Cilastatin|Imipenem
Cilastatina sódica_x000D_|Imipeném monoidratado;Cilastatin|Imipenem
Cilastatina sódica|Imipeném monoidratado|Relebactam monoidratado;Cilastatin|Imipenem|Relebactam
Ciprofloxacin;Ciprofloxacin
Ciprofloxacin hydrochloride;Ciprofloxacin
Ciprofloxacin hydrochloride monohydrate;Ciprofloxacin
Ciprofloxacin lactate;Ciprofloxacin
Clarithromycin;Clarithromycin
Clarithromycin lactobionate;Clarithromycin
Clavulanate potassium;Clavulanic acid
Clavulanato de potássio;Clavulanic acid
Clavulanic acid;Clavulanic acid
Clemizole penicillin_x000D_|Streptomycin pantothenate_x000D_|Sulfato de estreptomicina;Clemizole penicillin|Streptomycin pantothenate|Sulfato de estreptomicina
Clindamycin;Clindamycin
Clindamycin hydrochloride;Clindamycin
Clindamycin palmitate hydrochloride;Clindamycin
Clindamycin phosphate;Clindamycin
Cloreto de amônio_x000D_|Guaifenesin_x000D_|Sulfamethoxazole_x000D_|Trimethoprim;Cloreto de amônio|Guaifenesin|Sulfamethoxazole|Trimethoprim
Cloridrato de ambroxol_x000D_|Amoxicilina trihidrato;Ambroxol|Amoxicillin
Cloridrato de cefepima;Cefepime
Cloridrato de ciprofloxacino;Ciprofloxacin
Cloridrato de ciprofloxacino monoidratado;Ciprofloxacin
Cloridrato de clindamicina;Clindamycin
Cloridrato de doxicilcina;Doxycycline
Cloridrato de minociclina;Minocycline
Cloridrato de moxifloxacino;Moxifloxacin
Cloridrato de palmitato de clindamicina;Clindamycin
Cloridrato de tetraciclina;Tetracycline
Cloridrato de vancomicina;Vancomycin
Cloxacillin;Cloxacillin
Colistimethate sodium;Colistin
Colistin;Colistin
Colistin sulfomethate;Colistin
Daptomycin;Daptomycin
Delafloxacin;Delafloxacin
Delafloxacino meglumina;Delafloxacin
Dextrose anidra_x000D_|Levofloxacina;Levofloxacin
Dipirona_x000D_|Benzilpenicilina procaína;Procaine benzylpenicillin|Dipirona
D-mannose|Vaccinium macrocarpon;D-mannose|Vaccinium macrocarpon
Doxiciclina monoidratada;Doxycycline
Doxycycline;Doxycycline
Doxycycline calcium;Doxycycline
Doxycycline hyclate;Doxycycline
Doxycycline hydrochloride;Doxycycline
Doxycycline monohydrate;Doxycycline
Doxycycline phosphate;Doxycycline
Ertapenem;Ertapenem
Ertapeném sódico;Ertapenem
Ertapenem sodium;Ertapenem
Erythromycin;Erythromycin
Erythromycin estolate;Erythromycin
Erythromycin ethylsuccinate;Erythromycin
Erythromycin ethylsuccinate|Sulfafurazole;Erythromycin|Sulfafurazole
Erythromycin propionate;Erythromycin
Estolato de eritromicina;Erythromycin
Etilsuccinato de eritromicina;Erythromycin
Etilsuccinato de eritromicina_x000D_|Sulfafurazole;Erythromycin|Sulfafurazole
Fenoximetilpenicilina;Phenoxymethylpenicillin
Fenoximetilpenicilina potássica;Phenoxymethylpenicillin
Flucloxacillin sodium;Flucloxacillin
Fosfato de clindamicina;Clindamycin
Fosfomicina trometamol;Fosfomycin
Fosfomycin;Fosfomycin
Fosfomycin sodium;Fosfomycin
Fosfomycin trometamol;Fosfomycin
Gatifloxacin;Gatifloxacin
Gatifloxacino;Gatifloxacin
Gentamicin;Gentamicin
Gentamicin sulfate;Gentamicin
Glucose|Levofloxacin;Levofloxacin
Hiclato de doxiciclina;Doxycycline
Imipenem;Cilastatin|Imipenem
Imipeném;Cilastatin|Imipenem
Lactato de ciprofloxacino;Ciprofloxacin
L-arginina_x000D_|Cloridrato de cefepima;Cefepime
Levofloxacin;Levofloxacin
Levofloxacin hemihydrate;Levofloxacin
Levofloxacina;Levofloxacin
Levofloxacino hemi-hidratado, levofloxacino hemiidratado;Levofloxacin
Linezolid;Linezolid
Linezolida;Linezolid
Loracarbef;Loracarbef
Lymecycline;Lymecycline
Meropenem;Meropenem
Meropeném;Meropenem
Meropenem sodium carbonate;Meropenem
Meropeném tri-hidratado;Meropenem
Meropenem trihydrate;Meropenem
Mesilato sódico de colistina;Colistin
Methenamine_x000D_|Cloreto de metiltionínio;Methenamine|metiltionínio
Methenamine|Methylthioninium chloride;Methenamine|metiltionínio
Methenamine|metiltionínio;Methenamine|metiltionínio
Metronidazole;Metronidazole
Metronidazole benzoate;Metronidazole
Metronidazole hydrochloride;Metronidazole
Metronidazole sodium;Metronidazole
Minocycline;Minocycline
Minocycline hydrochloride;Minocycline
Moxifloxacin;Moxifloxacin
Moxifloxacin hydrochloride;Moxifloxacin
Neomycin;Neomycin
Neomycin sulfate;Neomycin
Nitrato de cerio_x000D_|Sulfadiazina de prata;Nitrato de cerio|Sulfadiazine
Nitrato de cerio_x000D_|Sulfadiazine;Nitrato de cerio|Sulfadiazine
Nitrofurantoin;Nitrofurantoin
Nitrofurantoin monohydrate;Nitrofurantoin
Nitrofurantoin|Nitrofurantoin monohydrate;Nitrofurantoin
Nitrofurantoína;Nitrofurantoin
Nitrofurantoína_x000D_|Nitrofurantoin monohydrate;Nitrofurantoin
Norfloxacin;Norfloxacin
Norfloxacin hydrochloride;Norfloxacin
Ofloxacin;Ofloxacin
Oxacilina sódica;Oxacillin
Oxacillin;Oxacillin
Oxacillin sodium;Oxacillin
Oxytetracycline;Oxytetracycline
Penicillin nos;Penicillin
Phenoxymethylpenicillin;Phenoxymethylpenicillin
Phenoxymethylpenicillin potassium;Phenoxymethylpenicillin
Pipemidic acid;Pipemidic acid
Piperacilina sódica;Piperacillin
Piperacilina sódica_x000D_|Sulbactam sódico;Piperacillin|Sulbactam
Piperacilina sódica_x000D_|Tazobactam;Piperacillin|Tazobactam
Piperacilina sódica_x000D_|Tazobactam sódico;Piperacillin|Tazobactam
Piperacilina sódica|Sulbactam sódico;Piperacillin|Sulbactam
Piperacilina sódica|Tazobactam;Piperacillin|Tazobactam
Piperacilina sódica|Tazobactam sódico;Piperacillin|Tazobactam
Piperacillin;Piperacillin
Piperacillin sodium;Piperacillin
Piperacillin sodium|Tazobactam sodium;Piperacillin|Tazobactam
Piperacillin_x000D_|Tazobactam;Piperacillin|Tazobactam
Piperacillin|Sulbactam;Piperacillin|Sulbactam
Piperacillin|Tazobactam;Piperacillin|Tazobactam
Polymyxin;Polymyxin b
Polymyxin b;Polymyxin b
Polymyxin b sulfate;Polymyxin b
Procaine benzylpenicillin;Procaine benzylpenicillin
Rifampicin;Rifampicin
Secnidazole;Secnidazole
Sparfloxacin;Sparfloxacin
Spiramycin;Spiramycin
Streptomycin sulfate;Streptomycin
Sulbactam;Sulbactam
Sulfadiazine;Sulfadiazine
Sulfamethoxazole;Sulfamethoxazole
Sulfamethoxazole sodium_x000D_|Trimethoprim;Sulfamethoxazole|Trimethoprim
Sulfamethoxazole_x000D_|Trimethoprim;Sulfamethoxazole|Trimethoprim
Sulfamethoxazole|Trimethoprim;Sulfamethoxazole|Trimethoprim
Sulfamoxole_x000D_|Trimethoprim;Sulfamoxole|Trimethoprim
Sulfato de amicacina;Amikacin
Sulfato de ceftolozana_x000D_|Tazobactam sódico;Ceftolozane|Tazobactam
Sulfato de ceftolozana|Tazobactam sódico;Ceftolozane|Tazobactam
Sulfato de gentamicina;Gentamicin
Sulfato de polimixina b;Polymyxin b
Sulfato de tobramicina;Tobramycin
Sultamicilina;Sultamicillin
Sultamicillin;Sultamicillin
Sultamicillin tosilate;Sultamicillin
Sultamicillin tosilate dihydrate;Sultamicillin
Tazobactam;Tazobactam
Tazobactam sodium;Tazobactam
Tedizolid phosphate;Tedizolid
Teicoplanin;Teicoplanin
Terizidone;Terizidone
Tetracycline;Tetracycline
Tetracycline hydrochloride;Tetracycline
Thiamphenicol aminoacetate hydrochloride;Thiamphenicol
Thiamphenicol glycinate acetylcysteine;Thiamphenicol
Tigecycline;Tigecycline
Tinidazole;Tinidazole
Tobramycin;Tobramycin
Tobramycin sulfate;Tobramycin
Tosilato de sultamicilina;Sultamicillin
Tribulus terrestris;Tribulus terrestris
Trimethoprim;Trimethoprim
Trimethoprim sulfate;Trimethoprim
Vancomycin;Vancomycin
Vancomycin hydrochloride;Vancomycin
